date,source
20130923,企业客户端
20131015,企业客户端
20131021,企业客户端
20131021,企业客户端
20131021,企业客户端
20131024,客户端迁移
20131025,客户端迁移
20131025,企业客户端
20131028,企业客户端
20131029,企业客户端
20131029,企业客户端
20131029,企业客户端
20131029,企业客户端
20131029,企业客户端
20131029,企业客户端
20131029,企业客户端
20131029,企业客户端
20131029,企业客户端
20131029,企业客户端
20131029,客户端迁移
20131029,企业客户端
20131029,企业客户端
20131029,企业客户端
20131030,客户端迁移
20131106,企业客户端
20131106,企业客户端
20131108,客户端迁移
20131112,企业客户端
20131113,企业客户端
20131114,企业客户端
20131114,企业客户端
20131115,客户端迁移
20131115,客户端迁移
20131115,企业客户端
20131118,客户端迁移
20131118,企业客户端
20131119,客户端迁移
20131120,客户端迁移
20131121,客户端迁移
20131122,企业客户端
20131122,企业客户端
20131125,企业客户端
20131125,企业客户端
20131126,企业客户端
20131126,客户端迁移
20131126,企业客户端
20131128,企业客户端
20131128,企业客户端
20131202,企业客户端
20131202,企业客户端
20131202,企业客户端
20131204,企业客户端
20131204,企业客户端
20131204,企业客户端
20131205,企业客户端
20131209,企业客户端
20131209,企业客户端
20131209,企业客户端
20131210,企业客户端
20131212,企业客户端
20131213,客户端迁移
20131213,企业客户端
20131213,企业客户端
20131213,企业客户端
20131213,企业客户端
20131213,客户端迁移
20131214,客户端迁移
20131216,企业客户端
20131217,企业客户端
20131217,客户端迁移
20131220,客户端迁移
20131220,客户端迁移
20131223,客户端迁移
20131223,企业客户端
20131223,企业客户端
20131223,企业客户端
20131224,客户端迁移
20131224,客户端迁移
20131224,企业客户端
20131224,企业客户端
20131225,企业客户端
20131225,企业客户端
20131225,企业客户端
20131225,企业客户端
20131225,企业客户端
20131225,企业客户端
20131225,企业客户端
20131226,企业客户端
20131226,客户端迁移
20131226,企业客户端
20131227,企业客户端
20131227,客户端迁移
20131227,客户端迁移
20131227,客户端迁移
20131227,企业客户端
20131227,企业客户端
20131230,企业客户端
20131231,企业客户端
20131231,企业客户端
20131231,企业客户端
20131231,客户端迁移
20131231,企业客户端
20140101,企业客户端
20140103,企业客户端
20140103,企业客户端
20140106,客户端迁移
20140106,企业客户端
20140106,企业客户端
20140106,客户端迁移
20140106,企业客户端
20140106,客户端迁移
20140106,客户端迁移
20140107,客户端迁移
20140108,企业客户端
20140108,企业客户端
20140109,企业客户端
20140109,客户端迁移
20140109,客户端迁移
20140109,企业客户端
20140110,企业客户端
20140110,企业客户端
20140114,企业客户端
20140114,企业客户端
20140114,客户端迁移
20140114,企业客户端
20140114,企业客户端
20140114,企业客户端
20140115,客户端迁移
20140115,企业客户端
20140116,客户端迁移
20140116,客户端迁移
20140116,企业客户端
20140116,客户端迁移
20140116,企业客户端
20140117,企业客户端
20140120,企业客户端
20140120,企业客户端
20140121,企业客户端
20140121,客户端迁移
20140121,企业客户端
20140123,客户端迁移
20140123,企业客户端
20140123,企业客户端
20140123,客户端迁移
20140123,企业客户端
20140123,客户端迁移
20140123,客户端迁移
20140123,企业客户端
20140124,客户端迁移
20140124,客户端迁移
20140127,企业客户端
20140127,企业客户端
20140127,企业客户端
20140127,企业客户端
20140127,企业客户端
20140127,客户端迁移
20140127,企业客户端
20140128,企业客户端
20140129,企业客户端
20140210,企业客户端
20140210,客户端迁移
20140210,企业客户端
20140210,企业客户端
20140210,企业客户端
20140210,企业客户端
20140210,客户端迁移
20140210,企业客户端
20140210,企业客户端
20140211,企业客户端
20140211,企业客户端
20140212,客户端迁移
20140213,企业客户端
20140213,企业客户端
20140213,企业客户端
20140213,企业客户端
20140213,企业客户端
20140213,企业客户端
20140213,客户端迁移
20140213,客户端迁移
20140213,企业客户端
20140213,客户端迁移
20140213,客户端迁移
20140214,企业客户端
20140214,客户端迁移
20140214,客户端迁移
20140214,企业客户端
20140214,企业客户端
20140214,客户端迁移
20140214,企业客户端
20140214,企业客户端
20140217,企业客户端
20140217,企业客户端
20140217,客户端迁移
20140217,企业客户端
20140217,企业客户端
20140217,企业客户端
20140217,企业客户端
20140217,客户端迁移
20140217,企业客户端
20140217,企业客户端
20140217,客户端迁移
20140217,企业客户端
20140217,企业客户端
20140217,企业客户端
20140217,企业客户端
20140217,企业客户端
20140217,企业客户端
20140217,客户端迁移
20140218,企业客户端
20140218,客户端迁移
20140218,企业客户端
20140218,客户端迁移
20140218,客户端迁移
20140218,企业客户端
20140219,企业客户端
20140219,企业客户端
20140219,企业客户端
20140219,企业客户端
20140219,客户端迁移
20140219,企业客户端
20140219,企业客户端
20140219,客户端迁移
20140220,企业客户端
20140220,企业客户端
20140220,客户端迁移
20140220,企业客户端
20140220,客户端迁移
20140220,客户端迁移
20140220,客户端迁移
20140220,企业客户端
20140220,企业客户端
20140220,企业客户端
20140220,客户端迁移
20140221,企业客户端
20140221,企业客户端
20140221,客户端迁移
20140221,客户端迁移
20140221,企业客户端
20140221,企业客户端
20140221,企业客户端
20140221,企业客户端
20140224,企业客户端
20140224,客户端迁移
20140224,企业客户端
20140224,企业客户端
20140224,客户端迁移
20140224,客户端迁移
20140224,客户端迁移
20140224,企业客户端
20140224,企业客户端
20140224,企业客户端
20140225,客户端迁移
20140225,企业客户端
20140225,企业客户端
20140225,企业客户端
20140225,企业客户端
20140225,客户端迁移
20140226,企业客户端
20140226,企业客户端
20140226,企业客户端
20140226,企业客户端
20140226,企业客户端
20140226,企业客户端
20140227,客户端迁移
20140227,客户端迁移
20140227,企业客户端
20140227,客户端迁移
20140227,企业客户端
20140228,企业客户端
20140228,企业客户端
20140228,客户端迁移
20140228,企业客户端
20140228,企业客户端
20140228,企业客户端
20140228,企业客户端
20140228,企业客户端
20140228,企业客户端
20140303,企业客户端
20140303,客户端迁移
20140303,企业客户端
20140303,企业客户端
20140303,客户端迁移
20140303,企业客户端
20140303,客户端迁移
20140303,客户端迁移
20140303,客户端迁移
20140304,企业客户端
20140304,客户端迁移
20140304,客户端迁移
20140305,企业客户端
20140305,企业客户端
20140305,企业客户端
20140305,客户端迁移
20140305,企业客户端
20140305,企业客户端
20140306,企业客户端
20140306,客户端迁移
20140306,企业客户端
20140306,企业客户端
20140306,企业客户端
20140307,客户端迁移
20140307,企业客户端
20140307,企业客户端
20140307,企业客户端
20140307,企业客户端
20140307,企业客户端
20140307,企业客户端
20140307,客户端迁移
20140307,企业客户端
20140307,企业客户端
20140307,企业客户端
20140307,客户端迁移
20140310,企业客户端
20140310,企业客户端
20140310,客户端迁移
20140310,企业客户端
20140310,企业客户端
20140310,企业客户端
20140310,企业客户端
20140310,企业客户端
20140311,客户端迁移
20140311,企业客户端
20140311,企业客户端
20140311,企业客户端
20140311,企业客户端
20140311,企业客户端
20140312,企业客户端
20140312,企业客户端
20140312,企业客户端
20140313,企业客户端
20140313,企业客户端
20140313,企业客户端
20140313,企业客户端
20140313,企业客户端
20140314,企业客户端
20140314,客户端迁移
20140317,企业客户端
20140317,客户端迁移
20140317,企业客户端
20140317,企业客户端
20140317,企业客户端
20140318,客户端迁移
20140318,企业客户端
20140318,企业客户端
20140318,客户端迁移
20140318,企业客户端
20140318,客户端迁移
20140319,企业客户端
20140319,企业客户端
20140319,企业客户端
20140320,企业客户端
20140320,企业客户端
20140320,企业客户端
20140320,企业客户端
20140320,企业客户端
20140321,客户端迁移
20140321,企业客户端
20140321,企业客户端
20140321,企业客户端
20140321,客户端迁移
20140321,企业客户端
20140321,客户端迁移
20140324,客户端迁移
20140324,企业客户端
20140324,客户端迁移
20140324,客户端迁移
20140324,企业客户端
20140324,客户端迁移
20140325,企业客户端
20140325,企业客户端
20140326,客户端迁移
20140326,客户端迁移
20140327,客户端迁移
20140327,企业客户端
20140327,客户端迁移
20140327,企业客户端
20140327,企业客户端
20140327,企业客户端
20140328,企业客户端
20140328,客户端迁移
20140331,企业客户端
20140331,客户端迁移
20140331,企业客户端
20140331,企业客户端
20140331,客户端迁移
20140331,企业客户端
20140331,企业客户端
20140401,企业客户端
20140401,企业客户端
20140401,企业客户端
20140401,企业客户端
20140401,企业客户端
20140401,企业客户端
20140401,客户端迁移
20140402,企业客户端
20140402,企业客户端
20140402,客户端迁移
20140402,客户端迁移
20140402,企业客户端
20140402,客户端迁移
20140402,企业客户端
20140402,企业客户端
20140402,客户端迁移
20140402,企业客户端
20140402,客户端迁移
20140403,企业客户端
20140403,客户端迁移
20140403,企业客户端
20140404,企业客户端
20140404,企业客户端
20140404,企业客户端
20140408,企业客户端
20140408,客户端迁移
20140408,企业客户端
20140408,客户端迁移
20140409,企业客户端
20140410,企业客户端
20140410,企业客户端
20140410,企业客户端
20140410,客户端迁移
20140410,企业客户端
20140410,企业客户端
20140410,企业客户端
20140410,企业客户端
20140410,客户端迁移
20140410,客户端迁移
20140411,企业客户端
20140411,企业客户端
20140411,客户端迁移
20140411,企业客户端
20140411,企业客户端
20140414,企业客户端
20140414,企业客户端
20140415,企业客户端
20140415,企业客户端
20140415,企业客户端
20140416,客户端迁移
20140416,企业客户端
20140416,客户端迁移
20140416,企业客户端
20140417,企业客户端
20140417,客户端迁移
20140417,企业客户端
20140421,企业客户端
20140421,客户端迁移
20140421,客户端迁移
20140422,企业客户端
20140423,企业客户端
20140424,企业客户端
20140425,企业客户端
20140425,客户端迁移
20140425,客户端迁移
20140425,企业客户端
20140425,企业客户端
20140425,客户端迁移
20140425,企业客户端
20140428,企业客户端
20140428,企业客户端
20140428,客户端迁移
20140430,客户端迁移
20140430,企业客户端
20140430,企业客户端
20140430,企业客户端
20140430,客户端迁移
20140507,企业客户端
20140507,企业客户端
20140508,客户端迁移
20140508,客户端迁移
20140512,企业客户端
20140512,企业客户端
20140512,企业客户端
20140513,企业客户端
20140513,企业客户端
20140513,企业客户端
20140513,企业客户端
20140514,客户端迁移
20140514,企业客户端
20140514,客户端迁移
20140514,企业客户端
20140515,客户端迁移
20140515,客户端迁移
20140515,企业客户端
20140516,企业客户端
20140519,客户端迁移
20140519,企业客户端
20140519,企业客户端
20140519,客户端迁移
20140519,企业客户端
20140519,企业客户端
20140522,企业客户端
20140523,企业客户端
20140526,企业客户端
20140526,客户端迁移
20140526,企业客户端
20140527,客户端迁移
20140528,企业客户端
20140530,企业客户端
20140530,企业客户端
20140603,企业客户端
20140604,企业客户端
20140605,企业客户端
20140605,企业客户端
20140609,客户端迁移
20140609,企业客户端
20140610,企业客户端
20140610,企业客户端
20140611,企业客户端
20140611,企业客户端
20140611,客户端迁移
20140612,客户端迁移
20140612,企业客户端
20140612,客户端迁移
20140613,企业客户端
20140613,企业客户端
20140616,企业客户端
20140616,企业客户端
20140616,企业客户端
20140616,企业客户端
20140617,企业客户端
20140619,客户端迁移
20140619,客户端迁移
20140620,企业客户端
20140624,企业客户端
20140624,企业客户端
20140624,企业客户端
20140625,客户端迁移
20140625,客户端迁移
20140625,客户端迁移
20140625,企业客户端
20140626,企业客户端
20140627,企业客户端
20140627,企业客户端
20140701,客户端迁移
20140701,企业客户端
20140702,企业客户端
20140702,企业客户端
20140702,客户端迁移
20140703,企业客户端
20140703,企业客户端
20140703,企业客户端
20140704,企业客户端
20140704,企业客户端
20140707,企业客户端
20140707,客户端迁移
20140708,客户端迁移
20140709,企业客户端
20140709,企业客户端
20140709,企业客户端
20140710,企业客户端
20140710,企业客户端
20140711,企业客户端
20140711,企业客户端
20140715,企业客户端
20140715,企业客户端
20140717,企业客户端
20140717,客户端迁移
20140717,企业客户端
20140717,企业客户端
20140717,企业客户端
20140718,企业客户端
20140718,企业客户端
20140721,企业客户端
20140721,客户端迁移
20140721,客户端迁移
20140722,企业客户端
20140723,企业客户端
20140723,企业客户端
20140724,企业客户端
20140724,企业客户端
20140724,企业客户端
20140724,企业客户端
20140724,企业客户端
20140725,企业客户端
20140725,企业客户端
20140725,客户端迁移
20140725,企业客户端
20140731,客户端迁移
20140731,企业客户端
20140731,企业客户端
20140801,企业客户端
20140801,企业客户端
20140801,客户端迁移
20140804,客户端迁移
20140804,企业客户端
20140804,企业客户端
20140804,企业客户端
20140805,企业客户端
20140805,企业客户端
20140805,企业客户端
20140805,客户端迁移
20140805,企业客户端
20140805,企业客户端
20140806,企业客户端
20140806,企业客户端
20140807,客户端迁移
20140807,企业客户端
20140807,企业客户端
20140808,企业客户端
20140808,企业客户端
20140808,企业客户端
20140811,企业客户端
20140811,客户端迁移
20140811,企业客户端
20140811,企业客户端
20140812,企业客户端
20140812,企业客户端
20140812,企业客户端
20140812,企业客户端
20140812,企业客户端
20140812,企业客户端
20140812,企业客户端
20140813,企业客户端
20140813,企业客户端
20140813,企业客户端
20140813,企业客户端
20140813,企业客户端
20140813,客户端迁移
20140813,企业客户端
20140813,企业客户端
20140813,企业客户端
20140814,企业客户端
20140814,企业客户端
20140814,企业客户端
20140814,企业客户端
20140814,企业客户端
20140814,企业客户端
20140814,企业客户端
20140814,企业客户端
20140815,企业客户端
20140815,企业客户端
20140815,企业客户端
20140815,企业客户端
20140815,企业客户端
20140815,企业客户端
20140815,企业客户端
20140818,企业客户端
20140818,企业客户端
20140818,企业客户端
20140818,企业客户端
20140818,企业客户端
20140818,企业客户端
20140818,企业客户端
20140818,企业客户端
20140818,企业客户端
20140819,企业客户端
20140819,企业客户端
20140819,企业客户端
20140819,企业客户端
20140819,企业客户端
20140819,企业客户端
20140819,客户端迁移
20140819,企业客户端
20140820,企业客户端
20140820,企业客户端
20140820,客户端迁移
20140820,企业客户端
20140820,企业客户端
20140820,企业客户端
20140820,企业客户端
20140820,企业客户端
20140820,企业客户端
20140820,企业客户端
20140820,企业客户端
20140820,企业客户端
20140820,企业客户端
20140821,企业客户端
20140821,企业客户端
20140821,企业客户端
20140821,客户端迁移
20140822,企业客户端
20140822,企业客户端
20140822,企业客户端
20140822,企业客户端
20140822,企业客户端
20140822,企业客户端
20140822,企业客户端
20140825,企业客户端
20140825,企业客户端
20140825,企业客户端
20140825,企业客户端
20140825,企业客户端
20140825,企业客户端
20140826,企业客户端
20140826,客户端迁移
20140826,客户端迁移
20140826,企业客户端
20140826,企业客户端
20140826,企业客户端
20140827,企业客户端
20140827,企业客户端
20140827,企业客户端
20140827,企业客户端
20140827,企业客户端
20140827,客户端迁移
20140828,企业客户端
20140828,企业客户端
20140828,企业客户端
20140828,企业客户端
20140829,企业客户端
20140901,企业客户端
20140902,企业客户端
20140902,企业客户端
20140902,企业客户端
20140902,客户端迁移
20140902,企业客户端
20140902,企业客户端
20140902,企业客户端
20140903,企业客户端
20140903,客户端迁移
20140903,客户端迁移
20140903,企业客户端
20140903,企业客户端
20140903,企业客户端
20140903,客户端迁移
20140903,企业客户端
20140904,企业客户端
20140904,企业客户端
20140904,客户端迁移
20140904,企业客户端
20140904,企业客户端
20140904,客户端迁移
20140905,企业客户端
20140905,企业客户端
20140905,企业客户端
20140905,企业客户端
20140905,企业客户端
20140905,企业客户端
20140905,客户端迁移
20140909,企业客户端
20140909,企业客户端
20140909,企业客户端
20140909,企业客户端
20140909,企业客户端
20140909,企业客户端
20140909,企业客户端
20140909,企业客户端
20140910,客户端迁移
20140910,客户端迁移
20140910,企业客户端
20140910,企业客户端
20140911,企业客户端
20140911,企业客户端
20140911,企业客户端
20140911,企业客户端
20140911,企业客户端
20140911,企业客户端
20140911,客户端迁移
20140911,企业客户端
20140911,企业客户端
20140911,客户端迁移
20140911,企业客户端
20140911,企业客户端
20140911,企业客户端
20140911,企业客户端
20140911,企业客户端
20140912,企业客户端
20140912,企业客户端
20140915,客户端迁移
20140915,企业客户端
20140915,企业客户端
20140915,企业客户端
20140915,企业客户端
20140916,企业客户端
20140917,客户端迁移
20140917,企业客户端
20140918,企业客户端
20140918,企业客户端
20140919,企业客户端
20140919,企业客户端
20140919,企业客户端
20140919,企业客户端
20140919,企业客户端
20140919,企业客户端
20140922,企业客户端
20140922,企业客户端
20140922,企业客户端
20140922,客户端迁移
20140922,企业客户端
20140922,客户端迁移
20140923,企业客户端
20140923,客户端迁移
20140924,企业客户端
20140924,企业客户端
20140924,企业客户端
20140924,企业客户端
20140925,企业客户端
20140925,企业客户端
20140926,企业客户端
20140926,企业客户端
20140926,企业客户端
20140926,客户端迁移
20140926,企业客户端
20140929,企业客户端
20140929,企业客户端
20140929,企业客户端
20140929,企业客户端
20140929,企业客户端
20140929,企业客户端
20140929,客户端迁移
20140929,客户端迁移
20140929,企业客户端
20140929,企业客户端
20140930,企业客户端
20140930,企业客户端
20140930,企业客户端
20141008,企业客户端
20141008,企业客户端
20141008,企业客户端
20141008,企业客户端
20141008,客户端迁移
20141008,企业客户端
20141008,企业客户端
20141008,企业客户端
20141008,企业客户端
20141009,企业客户端
20141009,企业客户端
20141009,企业客户端
20141010,企业客户端
20141010,企业客户端
20141010,企业客户端
20141010,客户端迁移
20141010,企业客户端
20141013,客户端迁移
20141013,企业客户端
20141013,企业客户端
20141013,客户端迁移
20141013,客户端迁移
20141013,企业客户端
20141013,企业客户端
20141013,企业客户端
20141014,企业客户端
20141014,客户端迁移
20141014,企业客户端
20141014,企业客户端
20141015,企业客户端
20141015,企业客户端
20141015,企业客户端
20141016,企业客户端
20141016,企业客户端
20141017,企业客户端
20141017,企业客户端
20141017,企业客户端
20141017,企业客户端
20141020,企业客户端
20141021,客户端迁移
20141021,企业客户端
20141021,企业客户端
20141022,企业客户端
20141022,企业客户端
20141022,企业客户端
20141023,企业客户端
20141023,企业客户端
20141023,客户端迁移
20141024,企业客户端
20141024,企业客户端
20141024,企业客户端
20141024,企业客户端
20141024,企业客户端
20141027,企业客户端
20141028,企业客户端
20141028,客户端迁移
20141028,企业客户端
20141029,企业客户端
20141029,企业客户端
20141029,企业客户端
20141029,企业客户端
20141030,企业客户端
20141030,客户端迁移
20141030,企业客户端
20141030,企业客户端
20141030,企业客户端
20141030,企业客户端
20141030,企业客户端
20141031,企业客户端
20141031,企业客户端
20141031,企业客户端
20141031,企业客户端
20141031,企业客户端
20141103,企业客户端
20141103,企业客户端
20141103,客户端迁移
20141103,企业客户端
20141104,客户端迁移
20141105,企业客户端
20141106,企业客户端
20141106,企业客户端
20141107,企业客户端
20141107,企业客户端
20141107,企业客户端
20141110,企业客户端
20141110,企业客户端
20141110,企业客户端
20141110,企业客户端
20141110,企业客户端
20141110,企业客户端
20141110,客户端迁移
20141111,企业客户端
20141112,企业客户端
20141112,企业客户端
20141112,客户端迁移
20141113,企业客户端
20141113,企业客户端
20141113,企业客户端
20141114,企业客户端
20141114,企业客户端
20141114,企业客户端
20141114,企业客户端
20141114,企业客户端
20141114,企业客户端
20141114,企业客户端
20141114,企业客户端
20141114,企业客户端
20141114,客户端迁移
20141117,企业客户端
20141117,企业客户端
20141117,企业客户端
20141117,企业客户端
20141117,企业客户端
20141117,企业客户端
20141118,客户端迁移
20141118,企业客户端
20141119,企业客户端
20141119,企业客户端
20141119,企业客户端
20141119,企业客户端
20141120,企业客户端
20141120,企业客户端
20141120,企业客户端
20141120,企业客户端
20141121,企业客户端
20141121,企业客户端
20141121,企业客户端
20141121,企业客户端
20141121,企业客户端
20141124,企业客户端
20141125,企业客户端
20141126,企业客户端
20141126,客户端迁移
20141126,企业客户端
20141126,企业客户端
20141126,企业客户端
20141127,企业客户端
20141127,企业客户端
20141127,企业客户端
20141127,企业客户端
20141127,企业客户端
20141127,企业客户端
20141128,企业客户端
20141128,企业客户端
20141128,企业客户端
20141201,企业客户端
20141202,企业客户端
20141202,客户端迁移
20141204,企业客户端
20141204,客户端迁移
20141205,企业客户端
20141208,企业客户端
20141208,企业客户端
20141208,企业客户端
20141208,企业客户端
20141209,客户端迁移
20141210,企业客户端
20141210,客户端迁移
20141211,客户端迁移
20141211,企业客户端
20141211,企业客户端
20141211,企业客户端
20141212,企业客户端
20141212,企业客户端
20141212,企业客户端
20141212,企业客户端
20141212,企业客户端
20141212,企业客户端
20141215,企业客户端
20141216,企业客户端
20141216,企业客户端
20141216,企业客户端
20141216,企业客户端
20141216,企业客户端
20141218,企业客户端
20141218,客户端迁移
20141219,企业客户端
20141219,企业客户端
20141222,企业客户端
20141222,客户端迁移
20141222,企业客户端
20141223,企业客户端
20141223,企业客户端
20141223,企业客户端
20141223,企业客户端
20141224,企业客户端
20141225,企业客户端
20141226,企业客户端
20141226,企业客户端
20141226,企业客户端
20141229,企业客户端
20141229,企业客户端
20141231,企业客户端
20141231,企业客户端
20141231,客户端迁移
20150105,企业客户端
20150105,客户端迁移
20150105,企业客户端
20150105,企业客户端
20150105,企业客户端
20150105,企业客户端
20150105,客户端迁移
20150106,客户端迁移
20150106,客户端迁移
20150106,企业客户端
20150107,企业客户端
20150108,企业客户端
20150108,企业客户端
20150108,客户端迁移
20150109,客户端迁移
20150112,企业客户端
20150113,企业客户端
20150113,企业客户端
20150113,客户端迁移
20150114,企业客户端
20150115,企业客户端
20150116,企业客户端
20150119,企业客户端
20150119,企业客户端
20150119,企业客户端
20150120,客户端迁移
20150120,客户端迁移
20150120,企业客户端
20150120,客户端迁移
20150121,企业客户端
20150122,企业客户端
20150126,企业客户端
20150127,企业客户端
20150129,企业客户端
20150130,企业客户端
20150130,企业客户端
20150130,企业客户端
20150130,客户端迁移
20150130,企业客户端
20150202,客户端迁移
20150202,企业客户端
20150202,企业客户端
20150204,客户端迁移
20150204,企业客户端
20150205,企业客户端
20150206,企业客户端
20150206,企业客户端
20150206,企业客户端
20150206,企业客户端
20150206,企业客户端
20150206,企业客户端
20150209,企业客户端
20150209,企业客户端
20150209,企业客户端
20150209,企业客户端
20150209,企业客户端
20150209,企业客户端
20150210,企业客户端
20150210,企业客户端
20150210,企业客户端
20150210,企业客户端
20150210,企业客户端
20150210,企业客户端
20150210,企业客户端
20150210,企业客户端
20150210,企业客户端
20150210,企业客户端
20150210,企业客户端
20150210,企业客户端
20150210,企业客户端
20150211,企业客户端
20150211,企业客户端
20150211,企业客户端
20150211,企业客户端
20150211,企业客户端
20150211,企业客户端
20150212,企业客户端
20150212,企业客户端
20150213,企业客户端
20150213,企业客户端
20150213,企业客户端
20150213,企业客户端
20150216,企业客户端
20150216,客户端迁移
20150216,企业客户端
20150217,企业客户端
20150217,客户端迁移
20150226,企业客户端
20150226,企业客户端
20150227,企业客户端
20150227,企业客户端
20150227,企业客户端
20150227,企业客户端
20150227,企业客户端
20150227,企业客户端
20150302,企业客户端
20150302,企业客户端
20150302,企业客户端
20150302,企业客户端
20150303,客户端迁移
20150303,企业客户端
20150303,企业客户端
20150303,企业客户端
20150304,企业客户端
20150304,企业客户端
20150304,企业客户端
20150304,企业客户端
20150305,企业客户端
20150305,企业客户端
20150306,企业客户端
20150306,企业客户端
20150309,企业客户端
20150309,企业客户端
20150309,企业客户端
20150309,企业客户端
20150309,企业客户端
20150309,企业客户端
20150309,企业客户端
20150309,企业客户端
20150309,企业客户端
20150309,企业客户端
20150310,企业客户端
20150310,企业客户端
20150310,企业客户端
20150310,企业客户端
20150310,企业客户端
20150311,企业客户端
20150311,企业客户端
20150311,企业客户端
20150311,客户端迁移
20150311,企业客户端
20150311,企业客户端
20150312,企业客户端
20150313,企业客户端
20150313,企业客户端
20150313,企业客户端
20150313,企业客户端
20150313,企业客户端
20150313,企业客户端
20150313,企业客户端
20150313,企业客户端
20150313,企业客户端
20150316,企业客户端
20150316,企业客户端
20150316,企业客户端
20150316,客户端迁移
20150316,企业客户端
20150316,企业客户端
20150317,企业客户端
20150317,企业客户端
20150317,企业客户端
20150317,企业客户端
20150317,企业客户端
20150318,企业客户端
20150318,企业客户端
20150318,企业客户端
20150318,企业客户端
20150318,企业客户端
20150319,企业客户端
20150319,企业客户端
20150319,企业客户端
20150320,企业客户端
20150320,客户端迁移
20150320,企业客户端
20150323,企业客户端
20150323,企业客户端
20150323,企业客户端
20150323,企业客户端
20150324,企业客户端
20150324,企业客户端
20150325,客户端迁移
20150325,企业客户端
20150326,企业客户端
20150326,企业客户端
20150326,企业客户端
20150326,客户端迁移
20150326,企业客户端
20150327,企业客户端
20150327,企业客户端
20150330,企业客户端
20150330,企业客户端
20150330,企业客户端
20150331,企业客户端
20150331,企业客户端
20150331,企业客户端
20150331,企业客户端
20150331,企业客户端
20150401,企业客户端
20150401,企业客户端
20150401,客户端迁移
20150401,企业客户端
20150401,企业客户端
20150402,企业客户端
20150402,企业客户端
20150402,企业客户端
20150402,企业客户端
20150402,企业客户端
20150403,企业客户端
20150403,企业客户端
20150407,企业客户端
20150407,企业客户端
20150408,客户端迁移
20150409,企业客户端
20150410,企业客户端
20150410,企业客户端
20150410,客户端迁移
20150413,客户端迁移
20150413,企业客户端
20150414,企业客户端
20150414,客户端迁移
20150414,企业客户端
20150415,企业客户端
20150415,企业客户端
20150416,企业客户端
20150417,企业客户端
20150417,企业客户端
20150417,企业客户端
20150420,企业客户端
20150420,客户端迁移
20150421,企业客户端
20150422,企业客户端
20150424,企业客户端
20150427,企业客户端
20150427,企业客户端
20150428,企业客户端
20150428,企业客户端
20150428,客户端迁移
20150428,企业客户端
20150430,企业客户端
20150430,企业客户端
20150430,企业客户端
20150504,企业客户端
20150505,企业客户端
20150506,企业客户端
20150506,企业客户端
20150506,客户端迁移
20150506,企业客户端
20150506,企业客户端
20150507,企业客户端
20150507,客户端迁移
20150507,企业客户端
20150508,企业客户端
20150508,企业客户端
20150511,客户端迁移
20150511,客户端迁移
20150511,企业客户端
20150511,企业客户端
20150512,企业客户端
20150512,企业客户端
20150512,企业客户端
20150512,客户端迁移
20150512,企业客户端
20150513,企业客户端
20150513,企业客户端
20150513,企业客户端
20150514,企业客户端
20150514,企业客户端
20150514,企业客户端
20150514,企业客户端
20150515,企业客户端
20150515,企业客户端
20150515,企业客户端
20150518,企业客户端
20150518,企业客户端
20150518,客户端迁移
20150519,企业客户端
20150520,企业客户端
20150520,客户端迁移
20150520,企业客户端
20150520,企业客户端
20150520,企业客户端
20150520,企业客户端
20150520,企业客户端
20150521,企业客户端
20150521,企业客户端
20150521,企业客户端
20150521,企业客户端
20150521,客户端迁移
20150521,企业客户端
20150522,企业客户端
20150522,企业客户端
20150522,企业客户端
20150525,企业客户端
20150525,企业客户端
20150525,企业客户端
20150525,企业客户端
20150525,企业客户端
20150525,企业客户端
20150526,企业客户端
20150526,企业客户端
20150526,企业客户端
20150526,企业客户端
20150526,客户端迁移
20150526,企业客户端
20150527,企业客户端
20150527,客户端迁移
20150528,企业客户端
20150528,企业客户端
20150528,企业客户端
20150529,企业客户端
20150529,企业客户端
20150601,企业客户端
20150602,企业客户端
20150602,企业客户端
20150603,企业客户端
20150603,企业客户端
20150605,客户端迁移
20150608,企业客户端
20150608,企业客户端
20150609,客户端迁移
20150609,企业客户端
20150609,企业客户端
20150610,企业客户端
20150610,企业客户端
20150610,企业客户端
20150610,企业客户端
20150610,企业客户端
20150610,企业客户端
20150611,客户端迁移
20150612,企业客户端
20150612,企业客户端
20150615,企业客户端
20150616,企业客户端
20150616,企业客户端
20150617,企业客户端
20150617,企业客户端
20150618,客户端迁移
20150618,企业客户端
20150618,客户端迁移
20150618,企业客户端
20150619,企业客户端
20150619,企业客户端
20150623,企业客户端
20150623,客户端迁移
20150623,企业客户端
20150623,企业客户端
20150624,企业客户端
20150624,企业客户端
20150624,企业客户端
20150624,企业客户端
20150624,企业客户端
20150624,企业客户端
20150626,企业客户端
20150626,企业客户端
20150626,客户端迁移
20150626,企业客户端
20150626,企业客户端
20150626,客户端迁移
20150626,企业客户端
20150626,企业客户端
20150629,企业客户端
20150629,企业客户端
20150629,企业客户端
20150629,企业客户端
20150629,企业客户端
20150629,企业客户端
20150629,企业客户端
20150629,企业客户端
20150629,企业客户端
20150629,企业客户端
20150629,企业客户端
20150629,企业客户端
20150629,企业客户端
20150629,企业客户端
20150629,企业客户端
20150629,企业客户端
20150629,企业客户端
20150629,企业客户端
20150629,企业客户端
20150629,企业客户端
20150630,企业客户端
20150630,企业客户端
20150630,企业客户端
20150630,企业客户端
20150630,企业客户端
20150630,企业客户端
20150630,企业客户端
20150630,企业客户端
20150630,企业客户端
20150630,企业客户端
20150630,企业客户端
20150630,企业客户端
20150630,企业客户端
20150630,企业客户端
20150701,企业客户端
20150701,企业客户端
20150701,企业客户端
20150701,企业客户端
20150701,企业客户端
20150702,企业客户端
20150702,企业客户端
20150702,客户端迁移
20150703,客户端迁移
20150703,客户端迁移
20150703,企业客户端
20150703,企业客户端
20150703,企业客户端
20150706,企业客户端
20150706,企业客户端
20150707,企业客户端
20150708,客户端迁移
20150710,客户端迁移
20150710,企业客户端
20150710,企业客户端
20150710,客户端迁移
20150713,客户端迁移
20150713,企业客户端
20150715,企业客户端
20150716,企业客户端
20150716,企业客户端
20150717,客户端迁移
20150720,企业客户端
20150720,客户端迁移
20150721,客户端迁移
20150723,客户端迁移
20150723,客户端迁移
20150724,企业客户端
20150724,企业客户端
20150724,企业客户端
20150725,企业web版
20150725,企业web版
20150727,企业web版
20150727,企业客户端
20150727,企业客户端
20150727,企业客户端
20150727,企业客户端
20150728,企业客户端
20150728,企业客户端
20150728,企业客户端
20150728,企业web版
20150728,企业web版
20150729,企业web版
20150729,企业客户端
20150730,企业客户端
20150731,客户端迁移
20150731,客户端迁移
20150803,企业web版
20150804,客户端迁移
20150804,企业客户端
20150804,客户端迁移
20150805,企业客户端
20150806,客户端迁移
20150806,客户端迁移
20150806,企业web版
20150806,企业客户端
20150807,客户端迁移
20150807,企业web版
20150807,客户端迁移
20150807,企业web版
20150807,企业客户端
20150807,企业web版
20150807,客户端迁移
20150810,企业客户端
20150810,企业web版
20150812,客户端迁移
20150812,企业web版
20150812,企业web版
20150813,企业客户端
20150813,客户端迁移
20150817,企业web版
20150818,企业客户端
20150818,企业客户端
20150818,客户端迁移
20150818,企业客户端
20150819,客户端迁移
20150819,企业客户端
20150820,企业客户端
20150820,客户端迁移
20150820,客户端迁移
20150824,企业web版
20150824,企业客户端
20150824,企业web版
20150824,企业web版
20150825,客户端迁移
20150825,企业web版
20150826,客户端迁移
20150826,客户端迁移
20150826,企业web版
20150827,企业web版
20150827,企业web版
20150827,企业web版
20150827,企业web版
20150827,企业web版
20150827,企业web版
20150827,企业web版
20150827,企业web版
20150828,客户端迁移
20150828,企业客户端
20150828,客户端迁移
20150831,企业客户端
20150901,企业web版
20150901,企业web版
20150901,企业web版
20150902,企业客户端
20150906,企业web版
20150907,企业web版
20150907,企业客户端
20150907,企业web版
20150907,企业客户端
20150907,企业web版
20150908,企业客户端
20150908,企业web版
20150909,企业web版
20150909,客户端迁移
20150910,企业web版
20150910,客户端迁移
20150910,企业web版
20150910,企业web版
20150910,企业web版
20150910,企业web版
20150911,企业客户端
20150911,企业web版
20150911,企业客户端
20150911,客户端迁移
20150914,企业web版
20150914,企业web版
20150914,企业web版
20150914,企业web版
20150914,企业客户端
20150914,企业web版
20150915,企业web版
20150915,企业web版
20150916,企业web版
20150916,企业web版
20150916,企业web版
20150916,企业web版
20150916,企业web版
20150916,企业web版
20150917,企业web版
20150917,企业web版
20150917,企业web版
20150917,企业web版
20150917,企业web版
20150917,企业web版
20150917,企业web版
20150917,企业web版
20150918,企业web版
20150919,企业web版
20150921,企业web版
20150921,企业web版
20150921,企业web版
20150921,企业web版
20150922,企业web版
20150922,企业web版
20150922,企业web版
20150922,企业web版
20150922,企业web版
20150922,企业web版
20150923,企业web版
20150923,企业客户端
20150923,企业客户端
20150924,企业web版
20150924,企业web版
20150924,企业web版
20150924,企业web版
20150925,企业web版
20150925,企业web版
20150925,企业web版
20150928,企业客户端
20150928,企业web版
20150928,企业web版
20150928,企业web版
20150929,客户端迁移
20150929,企业web版
20150930,企业web版
20150930,企业web版
20150930,企业客户端
20150930,企业web版
20151009,企业web版
20151009,企业web版
20151009,企业web版
20151009,企业客户端
20151010,企业web版
20151012,企业客户端
20151012,柜台迁移
20151012,企业web版
20151012,企业客户端
20151012,企业web版
20151013,企业web版
20151013,企业客户端
20151013,企业web版
20151014,企业web版
20151015,企业web版
20151015,企业web版
20151016,企业web版
20151016,企业web版
20151016,企业web版
20151017,企业web版
20151019,企业web版
20151019,企业web版
20151019,企业web版
20151019,企业web版
20151019,企业web版
20151019,企业web版
20151019,企业web版
20151020,企业web版
20151020,企业web版
20151021,企业web版
20151021,企业客户端
20151021,企业web版
20151021,企业web版
20151021,企业web版
20151021,企业web版
20151022,企业web版
20151023,企业客户端
20151023,企业web版
20151023,企业web版
20151025,企业web版
20151025,企业web版
20151025,企业web版
20151025,企业web版
20151025,企业web版
20151025,企业web版
20151025,企业web版
20151025,企业web版
20151026,企业web版
20151026,企业web版
20151027,企业web版
20151027,企业客户端
20151027,企业web版
20151027,企业web版
20151028,企业web版
20151028,企业web版
20151028,企业web版
20151029,企业web版
20151029,企业web版
20151029,企业web版
20151029,企业web版
20151029,企业web版
20151029,企业web版
20151029,企业web版
20151029,企业web版
20151029,企业web版
20151029,企业web版
20151030,企业web版
20151030,企业web版
20151030,企业web版
20151030,企业web版
20151030,企业web版
20151030,企业web版
20151030,企业web版
20151102,企业web版
20151103,企业web版
20151103,企业web版
20151103,企业web版
20151104,企业web版
20151104,企业web版
20151104,企业web版
20151105,企业web版
20151105,企业web版
20151105,企业web版
20151106,企业web版
20151106,企业web版
20151106,企业web版
20151106,企业web版
20151106,企业web版
20151106,企业web版
20151106,企业web版
20151109,企业web版
20151109,企业客户端
20151110,企业客户端
20151110,企业web版
20151110,企业web版
20151110,企业web版
20151111,企业web版
20151111,企业客户端
20151111,企业web版
20151112,企业web版
20151112,企业web版
20151112,企业web版
20151112,企业web版
20151113,企业web版
20151113,企业web版
20151113,企业web版
20151113,企业web版
20151113,企业web版
20151116,企业web版
20151116,企业web版
20151116,企业web版
20151116,企业web版
20151116,企业web版
20151116,企业web版
20151116,企业web版
20151117,企业web版
20151117,企业web版
20151117,企业web版
20151118,企业web版
20151119,企业web版
20151119,企业web版
20151119,企业web版
20151119,企业web版
20151119,企业web版
20151119,企业web版
20151119,企业web版
20151119,柜台迁移
20151120,企业web版
20151120,企业web版
20151120,企业web版
20151121,企业web版
20151123,企业客户端
20151123,企业web版
20151124,企业web版
20151124,企业web版
20151124,企业web版
20151124,企业web版
20151125,企业web版
20151125,企业web版
20151125,企业web版
20151125,企业web版
20151126,企业web版
20151126,企业web版
20151126,企业web版
20151126,企业客户端
20151126,企业web版
20151126,企业web版
20151126,企业web版
20151126,企业web版
20151126,企业web版
20151126,企业web版
20151126,企业web版
20151126,企业web版
20151126,企业客户端
20151126,企业web版
20151126,企业web版
20151127,企业web版
20151127,企业web版
20151127,企业web版
20151127,企业web版
20151127,企业web版
20151127,企业web版
20151127,企业web版
20151127,企业客户端
20151130,企业web版
20151130,企业web版
20151130,企业web版
20151130,企业web版
20151130,企业web版
20151130,企业web版
20151130,企业web版
20151201,企业web版
20151201,企业web版
20151201,企业web版
20151201,企业web版
20151202,企业web版
20151202,企业web版
20151202,企业web版
20151202,企业web版
20151202,企业web版
20151203,企业web版
20151203,企业web版
20151203,企业web版
20151203,企业web版
20151203,企业web版
20151203,企业web版
20151203,企业web版
20151203,企业客户端
20151204,企业客户端
20151204,企业web版
20151204,柜台迁移
20151204,企业web版
20151207,企业web版
20151207,企业web版
20151207,企业web版
20151207,企业web版
20151207,企业web版
20151207,企业web版
20151207,企业web版
20151208,企业web版
20151208,企业web版
20151208,企业web版
20151208,企业web版
20151208,企业web版
20151208,企业web版
20151208,企业web版
20151208,企业web版
20151208,企业web版
20151209,企业web版
20151209,企业web版
20151209,企业web版
20151209,企业web版
20151209,企业web版
20151209,企业web版
20151209,企业web版
20151209,企业web版
20151209,企业web版
20151209,企业web版
20151209,企业web版
20151209,企业web版
20151209,企业web版
20151209,企业web版
20151210,企业web版
20151210,企业web版
20151210,企业web版
20151210,企业web版
20151210,企业web版
20151210,企业web版
20151210,企业客户端
20151210,企业web版
20151210,企业web版
20151210,企业web版
20151210,企业web版
20151210,企业web版
20151210,企业web版
20151210,企业web版
20151211,企业web版
20151211,企业web版
20151211,企业web版
20151211,企业web版
20151211,企业web版
20151211,企业web版
20151211,企业web版
20151211,企业web版
20151211,企业web版
20151211,企业web版
20151211,企业web版
20151211,企业web版
20151211,企业web版
20151211,企业web版
20151211,企业web版
20151211,企业web版
20151211,企业web版
20151212,企业web版
20151212,企业web版
20151212,企业web版
20151212,企业web版
20151214,企业web版
20151215,企业web版
20151215,企业客户端
20151215,企业web版
20151216,企业web版
20151216,企业web版
20151216,企业web版
20151217,企业web版
20151217,企业web版
20151217,企业web版
20151217,企业web版
20151217,企业web版
20151218,企业web版
20151221,企业web版
20151221,企业web版
20151222,企业web版
20151222,企业web版
20151222,企业web版
20151222,企业web版
20151222,企业web版
20151223,企业web版
20151223,企业web版
20151223,企业web版
20151223,企业web版
20151223,企业web版
20151223,企业web版
20151223,企业web版
20151223,企业web版
20151223,企业web版
20151223,企业web版
20151223,企业web版
20151223,企业web版
20151223,企业web版
20151223,企业web版
20151223,企业web版
20151223,企业web版
20151223,企业web版
20151223,企业web版
20151224,企业web版
20151224,企业web版
20151224,企业web版
20151224,企业web版
20151225,企业web版
20151225,企业web版
20151225,企业web版
20151225,企业web版
20151228,企业web版
20151228,企业web版
20151228,企业web版
20151228,企业web版
20151228,企业web版
20151228,企业web版
20151228,企业web版
20151229,柜台迁移
20151229,企业web版
20151229,企业web版
20151229,企业web版
20151229,企业web版
20151230,企业web版
20151230,企业web版
20151230,企业web版
20151230,企业web版
20151230,企业web版
20151230,企业web版
20151230,企业web版
20151231,企业web版
20160103,企业web版
20160104,企业web版
20160104,企业web版
20160105,企业web版
20160105,企业web版
20160105,企业web版
20160106,企业web版
20160106,企业web版
20160106,企业web版
20160106,企业web版
20160106,企业web版
20160107,企业web版
20160107,企业web版
20160107,企业web版
20160107,企业web版
20160108,企业web版
20160108,企业web版
20160108,企业web版
20160108,企业web版
20160108,企业web版
20160109,企业web版
20160110,企业web版
20160111,企业web版
20160111,企业web版
20160111,企业web版
20160112,企业web版
20160112,企业web版
20160112,企业web版
20160112,企业web版
20160113,企业web版
20160113,企业web版
20160114,企业web版
20160114,企业web版
20160114,企业web版
20160114,企业web版
20160115,企业web版
20160115,企业web版
20160115,企业web版
20160115,企业web版
20160116,企业web版
20160118,企业web版
20160118,企业web版
20160118,企业web版
20160118,企业web版
20160119,企业web版
20160120,企业web版
20160120,企业web版
20160120,企业web版
20160120,企业web版
20160120,企业web版
20160120,企业web版
20160120,客户端迁移
20160120,客户端迁移
20160120,企业web版
20160120,企业web版
20160120,企业web版
20160120,企业web版
20160120,企业web版
20160120,企业web版
20160120,企业web版
20160120,企业web版
20160121,企业web版
20160121,企业web版
20160121,企业web版
20160121,企业web版
20160121,企业web版
20160121,企业web版
20160121,企业web版
20160121,企业web版
20160121,企业web版
20160121,企业web版
20160121,企业web版
20160121,企业web版
20160121,企业web版
20160122,企业web版
20160122,企业web版
20160122,企业web版
20160122,企业web版
20160122,企业web版
20160122,企业web版
20160122,企业web版
20160122,企业web版
20160123,企业web版
20160125,企业web版
20160125,企业web版
20160126,企业web版
20160126,企业web版
20160126,企业web版
20160127,企业web版
20160127,企业web版
20160127,企业web版
20160128,企业web版
20160128,企业web版
20160128,企业web版
20160128,企业web版
20160128,企业web版
20160128,企业web版
20160128,企业web版
20160128,企业web版
20160128,企业web版
20160128,企业web版
20160129,企业web版
20160129,企业web版
20160129,企业web版
20160129,企业web版
20160129,企业web版
20160129,企业web版
20160201,企业web版
20160201,企业web版
20160201,企业web版
20160201,企业web版
20160201,企业web版
20160202,企业web版
20160202,企业web版
20160202,企业web版
20160202,企业web版
20160202,企业web版
20160202,企业web版
20160202,企业web版
20160202,企业web版
20160202,企业web版
20160202,企业web版
20160202,企业web版
20160202,企业web版
20160202,企业web版
20160202,企业web版
20160202,企业web版
20160202,企业web版
20160202,企业web版
20160202,企业web版
20160202,企业web版
20160202,企业web版
20160202,企业web版
20160202,企业web版
20160202,企业web版
20160202,企业web版
20160202,企业web版
20160202,企业web版
20160202,企业web版
20160202,企业web版
20160202,企业web版
20160202,企业web版
20160202,企业web版
20160202,企业web版
20160202,企业web版
20160202,企业web版
20160202,企业web版
20160202,企业web版
20160202,企业web版
20160202,企业web版
20160202,企业web版
20160202,企业web版
20160202,企业web版
20160203,企业web版
20160203,企业web版
20160203,企业web版
20160203,企业web版
20160203,企业web版
20160203,企业web版
20160203,企业web版
20160203,企业web版
20160203,企业web版
20160203,企业web版
20160204,企业web版
20160204,企业web版
20160204,企业web版
20160204,企业web版
20160204,企业web版
20160204,企业web版
20160204,企业web版
20160204,企业web版
20160204,企业web版
20160204,企业web版
20160204,企业web版
20160204,企业web版
20160204,企业web版
20160204,企业web版
20160204,企业web版
20160204,企业web版
20160204,企业web版
20160204,企业web版
20160204,企业web版
20160204,企业web版
20160204,企业web版
20160204,企业web版
20160204,企业web版
20160214,企业web版
20160216,企业web版
20160216,企业web版
20160216,企业web版
20160217,企业web版
20160217,企业web版
20160217,企业web版
20160217,企业web版
20160217,企业web版
20160217,企业web版
20160217,企业web版
20160217,企业web版
20160219,企业web版
20160220,企业web版
20160221,企业web版
20160222,企业web版
20160222,企业客户端
20160223,企业web版
20160223,企业web版
20160223,企业web版
20160223,企业web版
20160223,企业web版
20160223,客户端迁移
20160223,企业web版
20160223,企业web版
20160223,企业web版
20160223,企业web版
20160223,企业web版
20160224,企业web版
20160224,企业web版
20160224,企业web版
20160225,企业web版
20160226,企业web版
20160226,企业web版
20160226,企业web版
20160226,企业web版
20160229,企业web版
20160229,企业客户端
20160229,企业web版
20160229,企业web版
20160301,企业web版
20160301,企业web版
20160302,企业web版
20160302,企业web版
20160302,企业客户端
20160302,柜台迁移
20160302,企业web版
20160302,企业web版
20160303,企业web版
20160303,企业web版
20160304,企业web版
20160304,企业web版
20160307,企业web版
20160307,企业web版
20160307,企业web版
20160308,企业web版
20160308,企业web版
20160308,企业web版
20160308,企业web版
20160309,客户端迁移
20160309,企业web版
20160309,企业web版
20160309,企业web版
20160309,企业web版
20160309,企业web版
20160310,企业web版
20160310,企业web版
20160310,企业web版
20160310,企业web版
20160310,企业web版
20160310,企业web版
20160310,企业web版
20160310,企业web版
20160310,企业web版
20160310,企业web版
20160310,企业web版
20160311,企业web版
20160311,企业web版
20160311,企业web版
20160311,企业web版
20160314,企业web版
20160314,企业web版
20160314,企业web版
20160315,企业web版
20160315,企业web版
20160316,企业web版
20160316,企业web版
20160316,企业web版
20160316,企业web版
20160317,企业web版
20160317,企业web版
20160317,企业web版
20160317,企业web版
20160317,企业web版
20160317,客户端迁移
20160317,企业web版
20160317,企业web版
20160318,企业web版
20160319,企业web版
20160321,企业web版
20160321,企业客户端
20160321,企业web版
20160322,企业web版
20160322,企业web版
20160322,企业web版
20160323,企业web版
20160323,企业web版
20160324,企业web版
20160324,企业web版
20160324,企业web版
20160325,企业web版
20160325,企业web版
20160326,企业web版
20160328,企业web版
20160328,企业web版
20160329,企业web版
20160329,企业web版
20160329,企业web版
20160329,企业web版
20160329,企业web版
20160330,企业web版
20160330,企业web版
20160330,企业web版
20160330,企业web版
20160330,企业web版
20160330,企业web版
20160331,企业web版
20160331,企业web版
20160331,企业web版
20160331,企业web版
20160331,企业web版
20160331,企业web版
20160331,企业web版
20160401,企业客户端
20160401,企业web版
20160401,企业web版
20160402,企业web版
20160405,企业客户端
20160406,企业web版
20160406,企业web版
20160406,企业web版
20160406,企业web版
20160406,企业web版
20160406,企业web版
20160406,企业web版
20160406,企业web版
20160406,企业web版
20160407,企业web版
20160407,企业web版
20160407,企业web版
20160407,企业web版
20160407,企业web版
20160407,企业web版
20160408,企业web版
20160408,企业web版
20160408,企业客户端
20160408,企业web版
20160408,企业web版
20160408,企业web版
20160408,企业web版
20160408,企业web版
20160408,企业web版
20160411,企业web版
20160411,企业web版
20160412,企业客户端
20160413,企业web版
20160413,企业web版
20160413,企业web版
20160413,企业web版
20160413,企业web版
20160413,柜台迁移
20160413,企业web版
20160414,企业web版
20160414,企业web版
20160414,企业web版
20160414,企业web版
20160414,企业web版
20160414,企业web版
20160414,企业web版
20160414,企业web版
20160414,企业web版
20160414,企业web版
20160414,企业web版
20160414,企业web版
20160414,企业web版
20160414,企业web版
20160414,企业web版
20160415,企业web版
20160415,企业web版
20160418,企业web版
20160418,企业web版
20160418,企业web版
20160418,企业web版
20160418,企业web版
20160419,企业客户端
20160419,企业web版
20160419,企业web版
20160419,企业web版
20160420,企业web版
20160420,企业web版
20160420,企业web版
20160420,企业web版
20160420,企业web版
20160420,企业web版
20160420,企业web版
20160420,企业web版
20160420,企业web版
20160421,企业客户端
20160421,企业web版
20160421,企业web版
20160421,企业web版
20160421,企业web版
20160422,企业web版
20160422,企业web版
20160422,企业web版
20160422,企业web版
20160422,企业客户端
20160422,企业web版
20160422,企业web版
20160425,企业web版
20160425,企业web版
20160425,企业web版
20160425,企业web版
20160425,企业web版
20160425,企业web版
20160425,企业web版
20160425,企业web版
20160425,企业web版
20160425,企业web版
20160425,企业web版
20160425,企业web版
20160426,企业web版
20160426,企业web版
20160426,企业web版
20160426,企业web版
20160426,企业web版
20160427,企业web版
20160428,企业web版
20160428,企业web版
20160428,企业web版
20160428,企业web版
20160428,企业web版
20160428,企业web版
20160428,企业web版
20160428,企业web版
20160428,企业web版
20160428,企业web版
20160428,企业web版
20160428,企业web版
20160429,企业web版
20160429,企业web版
20160429,企业web版
20160429,企业web版
20160430,企业web版
20160503,企业web版
20160503,柜台迁移
20160503,企业web版
20160504,企业web版
20160504,企业web版
20160504,企业web版
20160504,客户端迁移
20160505,企业web版
20160505,企业web版
20160505,企业web版
20160505,企业web版
20160505,企业web版
20160505,企业web版
20160505,企业web版
20160505,企业web版
20160505,企业web版
20160505,企业web版
20160506,企业web版
20160506,企业web版
20160506,企业web版
20160508,企业web版
20160509,企业web版
20160509,企业web版
20160509,企业web版
20160510,企业web版
20160510,企业web版
20160511,企业web版
20160511,企业web版
20160511,企业web版
20160511,企业web版
20160511,企业web版
20160511,企业web版
20160511,企业web版
20160511,企业web版
20160511,企业web版
20160511,企业web版
20160511,企业web版
20160511,企业web版
20160511,企业web版
20160511,企业web版
20160512,企业web版
20160512,企业web版
20160512,企业web版
20160513,企业web版
20160513,企业web版
20160513,企业web版
20160514,企业web版
20160515,企业web版
20160516,企业web版
20160516,企业web版
20160516,企业web版
20160516,企业web版
20160516,企业web版
20160516,企业web版
20160516,企业web版
20160517,企业web版
20160517,企业web版
20160517,企业web版
20160517,企业客户端
20160518,企业web版
20160518,企业web版
20160518,企业web版
20160518,企业web版
20160519,企业web版
20160519,企业web版
20160520,企业客户端
20160520,企业web版
20160520,企业web版
20160520,企业web版
20160522,企业web版
20160523,企业web版
20160523,企业web版
20160523,企业web版
20160523,企业web版
20160523,企业web版
20160524,企业客户端
20160524,企业客户端
20160524,企业web版
20160524,企业web版
20160524,企业客户端
20160524,企业web版
20160525,企业web版
20160525,企业web版
20160525,企业web版
20160525,企业web版
20160525,企业web版
20160525,柜台迁移
20160525,企业web版
20160526,企业web版
20160526,企业web版
20160526,企业web版
20160526,企业web版
20160526,企业web版
20160526,柜台迁移
20160526,企业web版
20160526,企业web版
20160526,企业web版
20160526,企业web版
20160526,企业web版
20160526,企业web版
20160526,企业web版
20160526,企业web版
20160526,企业web版
20160526,企业web版
20160527,企业web版
20160527,企业web版
20160527,企业web版
20160527,企业web版
20160527,企业web版
20160527,企业web版
20160527,企业web版
20160527,企业web版
20160529,企业web版
20160530,企业web版
20160530,企业web版
20160530,企业web版
20160530,企业web版
20160530,企业web版
20160530,企业web版
20160530,企业web版
20160530,企业web版
20160530,企业web版
20160530,企业web版
20160530,企业web版
20160531,企业web版
20160531,企业web版
20160531,企业web版
20160531,企业web版
20160531,企业web版
20160531,企业web版
20160601,企业web版
20160601,企业web版
20160601,企业web版
20160601,企业web版
20160601,企业web版
20160601,企业web版
20160601,企业web版
20160601,企业web版
20160601,企业web版
20160601,企业web版
20160602,企业web版
20160602,企业web版
20160602,企业web版
20160602,企业web版
20160602,企业web版
20160602,企业web版
20160602,企业web版
20160602,企业web版
20160603,企业web版
20160603,企业web版
20160603,企业web版
20160603,企业web版
20160603,企业web版
20160606,企业客户端
20160606,企业客户端
20160606,企业web版
20160606,企业web版
20160607,企业web版
20160607,企业web版
20160607,企业web版
20160607,企业web版
20160607,企业web版
20160608,企业web版
20160608,企业web版
20160610,企业web版
20160611,企业web版
20160613,企业web版
20160613,企业web版
20160613,企业web版
20160613,企业web版
20160613,企业web版
20160614,企业web版
20160614,企业web版
20160615,企业客户端
20160615,企业web版
20160615,企业web版
20160616,企业web版
20160616,企业web版
20160616,企业web版
20160616,企业web版
20160616,企业web版
20160616,企业web版
20160616,企业web版
20160617,企业web版
20160617,企业web版
20160618,企业web版
20160620,企业web版
20160620,企业web版
20160620,企业web版
20160620,企业web版
20160621,企业web版
20160621,企业web版
20160621,企业web版
20160622,企业web版
20160622,企业web版
20160622,企业web版
20160622,企业web版
20160622,企业web版
20160622,企业web版
20160622,企业web版
20160622,企业web版
20160622,企业web版
20160622,客户端迁移
20160622,企业web版
20160622,企业web版
20160622,企业web版
20160622,企业客户端
20160623,企业web版
20160623,企业web版
20160623,企业web版
20160623,企业web版
20160623,企业web版
20160623,企业客户端
20160623,企业web版
20160624,企业web版
20160624,企业web版
20160624,企业web版
20160625,企业web版
20160627,企业web版
20160627,企业web版
20160627,企业web版
20160627,企业web版
20160627,企业web版
20160628,企业web版
20160628,企业客户端
20160628,企业web版
20160628,企业客户端
20160629,企业客户端
20160629,企业web版
20160629,企业客户端
20160629,企业web版
20160630,企业web版
20160630,企业web版
20160630,企业web版
20160703,企业web版
20160704,企业web版
20160704,企业web版
20160704,企业web版
20160704,企业web版
20160704,企业web版
20160704,企业客户端
20160704,企业web版
20160704,企业web版
20160704,企业web版
20160705,企业web版
20160706,企业web版
20160707,企业web版
20160707,企业web版
20160707,企业web版
20160707,企业web版
20160707,企业web版
20160708,企业web版
20160708,企业web版
20160708,企业web版
20160708,企业web版
20160708,企业web版
20160709,企业web版
20160711,企业web版
20160712,企业web版
20160713,企业客户端
20160714,企业web版
20160714,企业web版
20160714,企业web版
20160714,企业客户端
20160714,企业web版
20160714,企业web版
20160714,企业客户端
20160715,企业web版
20160715,企业客户端
20160715,企业客户端
20160715,企业web版
20160717,企业web版
20160718,企业web版
20160718,企业客户端
20160718,企业web版
20160718,企业web版
20160718,企业web版
20160718,企业客户端
20160718,企业web版
20160718,企业web版
20160719,企业web版
20160719,企业web版
20160719,企业web版
20160720,企业web版
20160720,企业客户端
20160720,企业web版
20160720,企业web版
20160720,企业web版
20160721,企业web版
20160721,企业客户端
20160721,企业客户端
20160721,企业web版
20160721,企业web版
20160721,企业web版
20160721,企业web版
20160722,企业web版
20160722,企业web版
20160722,企业web版
20160722,企业客户端
20160722,企业web版
20160722,企业web版
20160722,企业web版
20160722,企业web版
20160722,企业web版
20160722,企业web版
20160724,企业web版
20160724,企业web版
20160725,企业客户端
20160725,企业web版
20160726,企业web版
20160726,企业web版
20160727,企业web版
20160728,企业客户端
20160729,企业客户端
20160729,企业客户端
20160729,企业客户端
20160731,企业web版
20160801,企业web版
20160801,企业客户端
20160801,企业web版
20160802,企业web版
20160803,企业web版
20160803,企业web版
20160804,企业web版
20160804,企业web版
20160804,企业web版
20160804,企业web版
20160805,企业web版
20160805,企业web版
20160805,企业web版
20160805,企业客户端
20160809,企业web版
20160810,企业web版
20160810,企业web版
20160811,企业客户端
20160812,企业客户端
20160812,企业web版
20160812,企业web版
20160815,企业web版
20160816,企业web版
20160816,企业web版
20160816,企业web版
20160816,企业web版
20160816,企业web版
20160817,企业web版
20160817,企业web版
20160817,企业web版
20160818,企业web版
20160822,企业web版
20160822,企业web版
20160824,企业web版
20160824,企业web版
20160824,企业web版
20160825,企业web版
20160825,企业web版
20160825,企业客户端
20160825,企业web版
20160825,企业web版
20160825,企业web版
20160829,企业web版
20160829,企业web版
20160829,企业web版
20160829,企业web版
20160829,企业web版
20160830,企业客户端
20160830,企业web版
20160831,企业web版
20160831,企业客户端
20160831,企业web版
20160831,企业web版
20160831,企业web版
20160901,企业web版
20160905,企业web版
20160905,企业web版
20160905,企业web版
20160905,企业web版
20160905,企业web版
20160905,企业web版
20160905,企业web版
20160905,企业web版
20160905,企业web版
20160905,企业web版
20160905,企业web版
20160905,企业web版
20160905,企业web版
20160905,企业web版
20160905,企业web版
20160905,企业web版
20160906,企业web版
20160907,企业客户端
20160907,企业客户端
20160908,企业客户端
20160908,企业web版
20160908,企业web版
20160909,企业web版
20160909,企业web版
20160909,企业web版
20160912,企业web版
20160912,企业web版
20160912,企业web版
20160912,企业web版
20160913,企业web版
20160913,企业web版
20160914,企业web版
20160914,企业客户端
20160914,企业web版
20160914,企业web版
20160917,企业web版
20160918,企业web版
20160919,企业web版
20160919,企业web版
20160921,企业web版
20160921,企业web版
20160921,企业web版
20160921,企业web版
20160922,企业web版
20160923,企业客户端
20160925,企业web版
20160927,企业web版
20160927,企业web版
20160928,企业web版
20160928,企业web版
20160928,企业客户端
20160928,企业web版
20160928,企业web版
20160928,企业客户端
20160929,企业web版
20160929,企业web版
20160929,企业web版
20160929,企业web版
20160929,企业web版
20160929,企业web版
20160929,企业web版
20160929,企业web版
20160929,企业web版
20160929,企业web版
20160929,企业web版
20160929,企业web版
20160929,企业web版
20160929,企业web版
20160929,企业web版
20160929,企业web版
20160929,企业web版
20160930,企业web版
20160930,企业客户端
20161001,企业web版
20161003,企业web版
20161004,企业web版
20161009,企业web版
20161010,企业客户端
20161011,企业web版
20161012,企业web版
20161013,企业web版
20161013,企业web版
20161013,企业web版
20161013,企业web版
20161013,企业web版
20161014,柜台迁移
20161014,企业web版
20161016,企业web版
20161018,企业web版
20161018,企业web版
20161018,企业web版
20161018,企业客户端
20161019,企业客户端
20161019,企业web版
20161019,企业web版
20161019,企业web版
20161020,企业web版
20161021,企业web版
20161021,企业web版
20161022,企业web版
20161024,企业web版
20161024,企业web版
20161024,企业客户端
20161025,企业web版
20161025,企业客户端
20161025,企业web版
20161025,企业web版
20161026,企业客户端
20161026,企业客户端
20161026,企业web版
20161028,企业客户端
20161029,企业web版
20161030,企业web版
20161031,企业web版
20161031,企业web版
20161031,企业web版
20161031,企业web版
20161031,企业web版
20161101,企业web版
20161102,企业客户端
20161102,企业web版
20161103,企业web版
20161105,企业web版
20161107,企业web版
20161107,企业客户端
20161108,企业web版
20161108,企业web版
20161109,企业web版
20161109,企业web版
20161110,企业web版
20161110,企业web版
20161110,企业web版
20161111,企业web版
20161111,企业web版
20161111,企业web版
20161113,企业web版
20161113,企业web版
20161115,企业web版
20161115,企业web版
20161116,企业客户端
20161116,企业web版
20161117,企业web版
20161117,企业web版
20161117,企业web版
20161118,企业web版
20161118,企业web版
20161118,企业web版
20161119,企业web版
20161120,企业web版
20161121,企业web版
20161121,企业web版
20161121,企业web版
20161122,企业web版
20161122,企业web版
20161123,企业web版
20161123,企业web版
20161124,企业web版
20161124,企业web版
20161124,企业web版
20161128,企业web版
20161129,企业web版
20161130,企业web版
20161130,企业web版
20161130,企业web版
20161130,企业web版
20161201,企业web版
20161201,企业web版
20161202,企业web版
20161202,企业web版
20161204,企业web版
20161205,企业web版
20161206,柜台迁移
20161206,企业web版
20161208,企业web版
20161208,企业客户端
20161208,企业web版
20161209,企业web版
20161209,企业web版
20161210,企业web版
20161213,企业客户端
20161213,企业web版
20161215,企业web版
20161215,企业web版
20161216,柜台迁移
20161216,柜台迁移
20161216,企业web版
20161216,企业web版
20161216,企业web版
20161216,企业web版
20161217,企业web版
20161219,企业web版
20161219,企业web版
20161219,企业客户端
20161220,企业web版
20161220,企业web版
20161220,企业客户端
20161220,企业web版
20161220,企业web版
20161220,企业web版
20161221,企业web版
20161221,企业web版
20161221,企业web版
20161222,企业web版
20161222,企业客户端
20161222,企业web版
20161223,企业web版
20161223,企业web版
20161226,企业web版
20161226,企业客户端
20161227,企业web版
20161227,企业web版
20161227,企业web版
20161227,企业web版
20161227,企业web版
20161227,企业web版
20161228,企业web版
20161228,企业web版
20161228,企业web版
20161228,企业web版
20161228,企业web版
20161228,企业web版
20161228,企业web版
20161228,企业web版
20161228,企业web版
20161229,企业web版
20161229,企业web版
20161230,企业web版
20161230,企业web版
20161230,企业web版
20161230,企业客户端
20161231,企业web版
20161231,企业web版
20161231,企业web版
20161231,企业web版
20170104,企业web版
20170104,企业web版
20170105,企业web版
20170106,企业web版
20170106,企业web版
20170106,企业客户端
20170107,企业web版
20170109,企业web版
20170110,企业web版
20170110,企业web版
20170110,企业web版
20170110,企业web版
20170110,企业web版
20170110,企业web版
20170111,企业web版
20170111,企业web版
20170111,企业web版
20170111,企业web版
20170111,企业web版
20170112,企业web版
20170113,企业web版
20170116,企业web版
20170117,企业web版
20170117,企业web版
20170117,企业web版
20170117,企业web版
20170118,企业web版
20170118,企业客户端
20170118,企业客户端
20170119,企业web版
20170119,企业web版
20170119,企业web版
20170120,企业web版
20170120,企业web版
20170122,企业web版
20170122,企业web版
20170123,企业web版
20170123,企业web版
20170124,企业web版
20170125,企业web版
20170125,企业web版
20170125,企业web版
20170125,企业web版
20170131,企业web版
20170204,企业web版
20170204,企业web版
20170205,企业web版
20170206,企业客户端
20170206,企业web版
20170206,企业web版
20170207,企业客户端
20170207,企业web版
20170207,企业web版
20170208,企业web版
20170208,企业web版
20170208,企业web版
20170209,企业web版
20170209,企业web版
20170209,企业web版
20170210,企业web版
20170211,企业web版
20170211,企业web版
20170211,企业web版
20170212,企业web版
20170213,企业web版
20170215,企业web版
20170215,企业web版
20170216,企业web版
20170216,企业web版
20170216,企业web版
20170216,企业web版
20170219,企业web版
20170220,企业web版
20170220,企业web版
20170220,企业web版
20170221,企业web版
20170221,企业客户端
20170222,企业web版
20170222,企业客户端
20170222,企业APP
20170222,企业web版
20170222,企业APP
20170222,企业web版
20170222,企业web版
20170223,企业客户端
20170223,企业web版
20170223,企业APP
20170223,企业APP
20170223,企业APP
20170223,企业APP
20170223,企业APP
20170223,企业web版
20170223,企业web版
20170223,企业客户端
20170224,企业web版
20170224,企业web版
20170227,企业APP
20170227,企业web版
20170227,企业web版
20170228,企业web版